ccyy,tot_inc,tot_L,tot_K,tot_S,tot_IR,tot_intdiv,tot_rent,b50_L,b50_K,b50_S,b50_IR,b50_intdiv,b50_rent,m40_L,m40_K,m40_S,m40_IR,m40_intdiv,m40_rent,t10_L,t10_K,t10_S,t10_IR,t10_intdiv,t10_rent,t1_L,t1_K,t1_S,t1_IR,t1_intdiv,t1_rent,totw,mean_toti,waven
at00,1.223e+11,1.185e+11,4.638e+09,1.419e+10,0,3.690e+09,9.771e+08,1.197e+10,1.710e+09,1.492e+09,0,1.364e+09,3.748e+08,7.125e+10,1.972e+09,4.938e+09,0,1.580e+09,3.918e+08,3.531e+10,9.561e+08,7.760e+09,0,7.456e+08,2.106e+08,7.118e+09,1.183e+08,2.950e+09,0,85405904,32918442,6702592.5,19225.589,5
at04,1.061e+11,1.031e+11,2.996e+09,1.409e+10,1.543e+10,1.279e+09,1.717e+09,1.145e+10,7.064e+08,1.372e+09,6.160e+09,3.656e+08,3.408e+08,5.973e+10,9.504e+08,5.645e+09,6.648e+09,4.360e+08,5.145e+08,3.188e+10,1.339e+09,7.069e+09,2.619e+09,4.770e+08,8.619e+08,6.249e+09,7.382e+08,2.038e+09,3.783e+08,1.330e+08,6.052e+08,3482116.3,30462.5,6
at07,1.222e+11,1.175e+11,4.747e+09,1.492e+10,9.716e+09,2.477e+09,2.270e+09,1.063e+10,9.696e+08,1.599e+09,3.801e+09,6.736e+08,2.960e+08,6.812e+10,1.761e+09,7.040e+09,4.451e+09,1.008e+09,7.527e+08,3.874e+10,2.017e+09,6.286e+09,1.465e+09,7.951e+08,1.222e+09,8.020e+09,5.756e+08,2.225e+09,1.977e+08,1.349e+08,4.407e+08,3566489,34272.715,7
at10,1.332e+11,1.278e+11,5.387e+09,1.724e+10,1.292e+10,2.599e+09,2.788e+09,1.068e+10,1.023e+09,1.480e+09,5.256e+09,6.084e+08,4.147e+08,7.480e+10,1.879e+09,8.455e+09,5.743e+09,8.606e+08,1.018e+09,4.231e+10,2.485e+09,7.300e+09,1.921e+09,1.130e+09,1.355e+09,8.163e+09,1.054e+09,2.147e+09,2.447e+08,4.823e+08,5.719e+08,3650398.3,36482.824,8
at13,1.459e+11,1.405e+11,5.346e+09,1.804e+10,1.179e+10,1.709e+09,3.637e+09,1.079e+10,1.043e+09,1.665e+09,4.896e+09,5.230e+08,5.205e+08,8.287e+10,1.982e+09,8.727e+09,5.228e+09,6.619e+08,1.320e+09,4.688e+10,2.320e+09,7.646e+09,1.667e+09,5.239e+08,1.796e+09,9.570e+09,1.232e+09,2.238e+09,1.705e+08,1.426e+08,1.090e+09,3761790,38780.146,9
at87,0,0,0,0,0,0,0,0,0,0,0,0,0,0,0,0,0,0,0,0,0,0,0,0,0,0,0,0,0,0,0,3479750.8,0,2
at94,5.654e+10,5.442e+10,2.284e+09,6.542e+09,0,0,0,4.965e+09,7.639e+08,6.650e+08,0,0,0,3.276e+10,8.520e+08,2.031e+09,0,0,0,1.670e+10,6.685e+08,3.846e+09,0,0,0,3.731e+09,2.097e+08,2.219e+09,0,0,0,3283474.8,18050.03,4
at95,0,0,0,0,0,0,0,0,0,0,0,0,0,0,0,0,0,0,0,0,0,0,0,0,0,0,0,0,0,0,0,3133118.3,0,4
at97,5.158e+10,4.979e+10,2.110e+09,5.174e+09,0,0,0,5.351e+09,6.917e+08,8.066e+08,0,0,0,2.979e+10,9.188e+08,1.693e+09,0,0,0,1.466e+10,4.998e+08,2.674e+09,0,0,0,2.942e+09,1.056e+08,1.294e+09,0,0,0,2943568,17961.683,4
ca00,5.402e+11,5.151e+11,2.514e+10,4.425e+10,0,0,0,5.704e+10,8.405e+09,6.029e+09,0,0,0,2.916e+11,8.477e+09,1.753e+10,0,0,0,1.665e+11,8.254e+09,2.069e+10,0,0,0,4.246e+10,3.673e+09,1.009e+10,0,0,0,11833766,45650.781,5
ca04,6.342e+11,6.066e+11,2.761e+10,5.582e+10,0,0,0,6.420e+10,9.257e+09,6.966e+09,0,0,0,3.443e+11,8.807e+09,2.090e+10,0,0,0,1.981e+11,9.547e+09,2.795e+10,0,0,0,4.672e+10,4.807e+09,1.403e+10,0,0,0,12555541,50508.9,6
ca07,7.558e+11,7.177e+11,3.808e+10,5.733e+10,0,0,0,8.102e+10,1.145e+10,8.937e+09,0,0,0,4.029e+11,1.246e+10,2.263e+10,0,0,0,2.338e+11,1.417e+10,2.576e+10,0,0,0,5.702e+10,5.557e+09,9.494e+09,0,0,0,13148995,57478.714,7
ca10,8.142e+11,7.739e+11,4.029e+10,6.027e+10,0,0,0,8.134e+10,1.054e+10,9.448e+09,0,0,0,4.377e+11,1.464e+10,2.680e+10,0,0,0,2.549e+11,1.511e+10,2.403e+10,0,0,0,5.957e+10,7.118e+09,8.222e+09,0,0,0,13602542,59859.05,8
ca13,9.127e+11,8.522e+11,6.056e+10,5.541e+10,0,0,0,9.121e+10,1.176e+10,9.723e+09,0,0,0,4.909e+11,2.220e+10,2.511e+10,0,0,0,2.701e+11,2.660e+10,2.058e+10,0,0,0,5.426e+10,8.860e+09,4.534e+09,0,0,0,13878283,65767.082,9
ca71,5.422e+10,5.162e+10,2.595e+09,2.864e+09,0,0,0,8.009e+09,8.114e+08,6.814e+08,0,0,0,2.992e+10,9.296e+08,1.125e+09,0,0,0,1.369e+10,8.542e+08,1.058e+09,0,0,0,2.714e+09,3.014e+08,4.397e+08,0,0,0,7489280,7239.2613,0
ca75,9.438e+10,8.985e+10,4.525e+09,5.572e+09,0,0,0,1.549e+10,1.665e+09,1.025e+09,0,0,0,5.122e+10,1.633e+09,1.961e+09,0,0,0,2.314e+10,1.227e+09,2.586e+09,0,0,0,4.376e+09,3.826e+08,1.229e+09,0,0,0,7787090,12119.66,0
ca81,2.004e+11,1.834e+11,1.701e+10,1.165e+10,0,0,0,3.265e+10,5.602e+09,2.211e+09,0,0,0,1.061e+11,6.236e+09,4.876e+09,0,0,0,4.466e+10,5.175e+09,4.566e+09,0,0,0,7.463e+09,1.575e+09,1.981e+09,0,0,0,8952898,22380.483,1
ca87,3.054e+11,2.868e+11,1.863e+10,2.012e+10,0,0,0,4.691e+10,6.850e+09,3.613e+09,0,0,0,1.647e+11,6.726e+09,8.095e+09,0,0,0,7.519e+10,5.051e+09,8.414e+09,0,0,0,1.368e+10,1.600e+09,3.129e+09,0,0,0,9304684,32824.195,2
ca91,3.832e+11,3.586e+11,2.461e+10,2.593e+10,0,0,0,5.045e+10,9.511e+09,3.701e+09,0,0,0,2.075e+11,8.488e+09,1.040e+10,0,0,0,1.006e+11,6.614e+09,1.183e+10,0,0,0,1.983e+10,3.171e+09,4.547e+09,0,0,0,10116458,37882.327,3
ca94,4.234e+11,4.047e+11,1.867e+10,2.989e+10,0,0,0,4.992e+10,6.915e+09,4.647e+09,0,0,0,2.385e+11,6.571e+09,1.335e+10,0,0,0,1.163e+11,5.180e+09,1.189e+10,0,0,0,2.231e+10,2.199e+09,4.887e+09,0,0,0,11243615,37656.464,4
ca97,4.700e+11,4.511e+11,1.891e+10,3.902e+10,0,0,0,5.409e+10,7.212e+09,5.685e+09,0,0,0,2.659e+11,6.076e+09,1.751e+10,0,0,0,1.311e+11,5.626e+09,1.583e+10,0,0,0,2.527e+10,2.495e+09,6.146e+09,0,0,0,11807761,39807.038,4
ca98,4.673e+11,4.456e+11,2.171e+10,3.360e+10,0,0,0,4.393e+10,7.352e+09,3.796e+09,0,0,0,2.583e+11,6.721e+09,1.439e+10,0,0,0,1.434e+11,7.641e+09,1.541e+10,0,0,0,3.351e+10,4.446e+09,6.697e+09,0,0,0,11438997,40852.158,5
ch00,2.346e+11,2.183e+11,1.624e+10,2.123e+10,0,9.525e+09,6.714e+09,3.746e+10,5.985e+09,5.589e+09,0,4.051e+09,1.934e+09,1.229e+11,4.244e+09,9.842e+09,0,2.357e+09,1.887e+09,5.791e+10,6.011e+09,5.803e+09,0,3.117e+09,2.893e+09,1.242e+10,3.704e+09,1.967e+09,0,1.885e+09,1.820e+09,2999771.5,78190.923,5
ch02,2.479e+11,2.336e+11,1.429e+10,3.166e+10,0,8.212e+09,6.079e+09,3.746e+10,6.587e+09,5.947e+09,0,4.318e+09,2.270e+09,1.350e+11,3.646e+09,1.570e+10,0,1.844e+09,1.803e+09,6.111e+10,4.058e+09,1.002e+10,0,2.051e+09,2.007e+09,1.263e+10,1.743e+09,4.733e+09,0,7.420e+08,1.001e+09,3049510.8,81278.048,5
ch04,2.440e+11,2.326e+11,1.142e+10,2.388e+10,0,6.451e+09,4.966e+09,3.717e+10,4.826e+09,6.158e+09,0,3.294e+09,1.532e+09,1.360e+11,3.001e+09,9.654e+09,0,1.517e+09,1.484e+09,5.939e+10,3.590e+09,8.070e+09,0,1.640e+09,1.950e+09,1.085e+10,1.307e+09,2.725e+09,0,5.669e+08,7.400e+08,3155045.3,77345.06,6
ch07,3.011e+11,2.838e+11,1.730e+10,3.309e+10,2.442e+10,1.103e+10,6.270e+09,4.640e+10,4.823e+09,5.460e+09,9.457e+09,3.562e+09,1.261e+09,1.575e+11,5.510e+09,1.446e+10,1.104e+10,3.493e+09,2.016e+09,7.984e+10,6.968e+09,1.317e+10,3.921e+09,3.975e+09,2.993e+09,1.977e+10,2.514e+09,5.823e+09,6.157e+08,1.379e+09,1.135e+09,3193694,94272.259,7
ch10,3.227e+11,3.044e+11,1.826e+10,2.140e+10,1.008e+10,1.193e+10,6.335e+09,4.780e+10,4.968e+09,3.781e+09,5.202e+09,3.486e+09,1.482e+09,1.714e+11,4.817e+09,1.016e+10,3.691e+09,2.833e+09,1.984e+09,8.524e+10,8.479e+09,7.457e+09,1.186e+09,5.610e+09,2.869e+09,2.012e+10,3.522e+09,1.675e+09,1.631e+08,2.495e+09,1.026e+09,3332510.5,96835.713,8
ch13,3.460e+11,3.284e+11,1.760e+10,2.896e+10,1.414e+10,9.049e+09,8.553e+09,4.897e+10,5.168e+09,5.496e+09,6.686e+09,3.200e+09,1.968e+09,1.815e+11,6.158e+09,1.193e+10,5.540e+09,2.245e+09,3.914e+09,9.796e+10,6.275e+09,1.153e+10,1.912e+09,3.604e+09,2.672e+09,2.305e+10,2.567e+09,3.216e+09,1.734e+08,1.585e+09,9.824e+08,3641975.3,95012.529,9
ch82,1.499e+11,1.358e+11,1.410e+10,1.733e+10,1.328e+10,0,0,2.178e+10,4.115e+09,4.489e+08,3.188e+09,0,0,7.144e+10,3.842e+09,3.913e+09,4.515e+09,0,0,4.257e+10,6.145e+09,1.297e+10,5.583e+09,0,0,1.237e+10,3.431e+09,5.193e+09,2.462e+09,0,0,3128149,47915.46,1
ch92,1.976e+11,1.665e+11,3.109e+10,1.910e+10,8.492e+09,0,0,2.545e+10,7.409e+09,2.843e+09,2.406e+09,0,0,9.721e+10,8.309e+09,6.814e+09,3.685e+09,0,0,4.388e+10,1.537e+10,9.445e+09,2.400e+09,0,0,7.099e+09,8.607e+09,3.431e+09,3.146e+08,0,0,3004986,65765.432,3
cl00,1.663e+13,1.602e+13,6.125e+11,4.045e+12,3.258e+12,1.109e+11,5.016e+11,1.993e+12,6.075e+10,4.370e+11,1.189e+12,3.617e+09,5.713e+10,6.963e+12,1.836e+11,1.351e+12,1.316e+12,1.172e+10,1.719e+11,7.063e+12,3.682e+11,2.256e+12,7.522e+11,9.557e+10,2.726e+11,2.168e+12,1.972e+11,8.982e+11,1.376e+11,7.410e+10,1.231e+11,3901619.3,4262911.1,5
cl03,1.859e+13,1.799e+13,5.975e+11,4.639e+12,3.575e+12,7.327e+10,5.242e+11,2.355e+12,7.039e+10,5.841e+11,1.269e+12,3.834e+09,6.656e+10,8.149e+12,1.633e+11,1.495e+12,1.433e+12,1.071e+10,1.526e+11,7.491e+12,3.638e+11,2.559e+12,8.732e+11,5.873e+10,3.051e+11,2.199e+12,1.671e+11,1.056e+12,2.134e+11,3.920e+10,1.279e+11,4130418.8,4501270,6
cl06,2.268e+13,2.199e+13,6.879e+11,5.203e+12,3.714e+12,6.096e+10,6.270e+11,3.111e+12,8.155e+10,6.443e+11,1.398e+12,2.829e+09,7.873e+10,1.033e+13,2.132e+11,1.952e+12,1.539e+12,1.157e+10,2.017e+11,8.556e+12,3.931e+11,2.606e+12,7.772e+11,4.657e+10,3.466e+11,2.234e+12,2.217e+11,1.032e+12,1.668e+11,3.054e+10,1.912e+11,4337081.5,5229649.2,7
cl09,2.795e+13,2.702e+13,9.369e+11,6.046e+12,4.733e+12,8.777e+10,8.491e+11,3.461e+12,8.096e+10,7.819e+11,1.824e+12,2.683e+09,7.828e+10,1.255e+13,2.603e+11,2.162e+12,1.873e+12,1.323e+10,2.471e+11,1.100e+13,5.956e+11,3.103e+12,1.036e+12,7.186e+10,5.238e+11,2.850e+12,3.841e+11,1.379e+12,2.683e+11,5.164e+10,3.325e+11,4685490,5965838.3,8
cl11,3.156e+13,3.087e+13,6.894e+11,6.072e+12,5.248e+12,4.042e+10,6.489e+11,4.029e+12,8.981e+10,8.259e+11,2.057e+12,3.297e+09,8.651e+10,1.448e+13,2.284e+11,2.254e+12,2.011e+12,4.916e+09,2.235e+11,1.236e+13,3.712e+11,2.992e+12,1.180e+12,3.220e+10,3.390e+11,3.336e+12,1.025e+11,9.869e+11,2.756e+11,2.159e+10,8.096e+10,4966890,6354641.7,8
cl13,4.078e+13,3.990e+13,8.768e+11,7.698e+12,7.122e+12,6.208e+10,8.147e+11,5.259e+12,1.127e+11,1.089e+12,2.818e+12,4.157e+09,1.085e+11,1.884e+13,2.483e+11,3.055e+12,2.814e+12,1.617e+10,2.321e+11,1.580e+13,5.158e+11,3.554e+12,1.490e+12,4.175e+10,4.741e+11,4.293e+12,1.795e+11,1.308e+12,3.075e+11,9.567e+09,1.699e+11,5273828,7731861.7,9
cl15,4.515e+13,4.386e+13,1.289e+12,8.469e+12,1.023e+13,1.448e+11,1.144e+12,5.538e+12,1.649e+11,1.185e+12,4.477e+12,7.958e+09,1.569e+11,2.078e+13,3.556e+11,3.193e+12,3.795e+12,1.601e+10,3.396e+11,1.755e+13,7.683e+11,4.091e+12,1.961e+12,1.208e+11,6.475e+11,4.720e+12,3.614e+11,1.584e+12,4.454e+11,7.857e+10,2.828e+11,5454914,8276755.4,10
cl90,3.306e+12,3.211e+12,9.403e+10,9.416e+11,6.980e+11,1.820e+10,7.583e+10,4.206e+11,9.659e+09,1.077e+11,2.236e+11,8.280e+08,8.831e+09,1.422e+12,2.750e+10,3.184e+11,2.904e+11,3.478e+09,2.402e+10,1.369e+12,5.688e+10,5.155e+11,1.841e+11,1.390e+10,4.298e+10,3.998e+11,1.950e+10,2.292e+11,3.562e+10,8.350e+09,1.115e+10,3180536,1039293.3,3
cl92,5.975e+12,5.784e+12,1.907e+11,1.692e+12,1.218e+12,4.953e+10,1.412e+11,7.943e+11,1.708e+10,1.980e+11,3.960e+11,1.531e+09,1.555e+10,2.546e+12,5.731e+10,5.783e+11,4.918e+11,8.048e+09,4.926e+10,2.444e+12,1.163e+11,9.162e+11,3.297e+11,3.995e+10,7.640e+10,7.418e+11,5.483e+10,3.726e+11,8.409e+10,2.521e+10,2.962e+10,3387757,1763632.3,3
cl94,8.805e+12,8.541e+12,2.634e+11,2.103e+12,1.893e+12,2.754e+10,2.359e+11,1.084e+12,2.419e+10,2.599e+11,6.532e+11,1.759e+09,2.243e+10,3.871e+12,9.718e+10,6.955e+11,7.966e+11,5.719e+09,9.146e+10,3.586e+12,1.421e+11,1.148e+12,4.434e+11,2.006e+10,1.220e+11,1.080e+12,4.469e+10,5.875e+11,8.366e+10,5.526e+09,3.916e+10,3556009,2476010.1,4
cl96,1.177e+13,1.139e+13,3.810e+11,3.024e+12,2.382e+12,3.645e+10,3.446e+11,1.556e+12,3.816e+10,3.522e+11,7.949e+11,3.325e+09,3.484e+10,5.186e+12,1.317e+11,1.045e+12,1.007e+12,9.455e+09,1.223e+11,4.645e+12,2.112e+11,1.627e+12,5.808e+11,2.367e+10,1.875e+11,1.273e+12,9.642e+10,5.587e+11,1.373e+11,1.007e+10,8.634e+10,3623448,3248002.7,4
cl98,1.439e+13,1.390e+13,4.956e+11,3.617e+12,2.860e+12,7.109e+10,4.245e+11,1.862e+12,4.409e+10,4.066e+11,1.018e+12,3.907e+09,4.018e+10,6.301e+12,1.483e+11,1.293e+12,1.190e+12,8.345e+09,1.400e+11,5.733e+12,3.032e+11,1.918e+12,6.520e+11,5.884e+10,2.443e+11,1.600e+12,1.387e+11,6.988e+11,1.227e+11,3.558e+10,1.031e+11,3777035.8,3810057.1,5
cz02,8.517e+11,8.445e+11,7.178e+09,1.629e+11,0,2.714e+09,4.447e+09,9.368e+10,1.188e+09,1.338e+10,0,4.764e+08,7.071e+08,4.855e+11,3.633e+09,7.559e+10,0,1.417e+09,2.211e+09,2.653e+11,2.357e+09,7.389e+10,0,8.208e+08,1.529e+09,5.858e+10,3.564e+08,2.986e+10,0,98754088,2.577e+08,4053811,210090.4,5
cz04,9.649e+11,9.547e+11,1.014e+10,1.942e+11,0,3.219e+09,6.924e+09,1.036e+11,1.620e+09,1.462e+10,0,6.942e+08,9.257e+08,5.487e+11,3.242e+09,8.540e+10,0,1.150e+09,2.093e+09,3.025e+11,5.280e+09,9.414e+10,0,1.375e+09,3.905e+09,7.330e+10,1.668e+09,4.189e+10,0,8.358e+08,8.327e+08,4012695.3,240455.17,6
cz07,1.212e+12,1.200e+12,1.241e+10,2.304e+11,2.651e+10,3.308e+09,8.827e+09,1.369e+11,1.870e+09,1.935e+10,1.090e+10,6.784e+08,1.091e+09,6.973e+11,3.048e+09,9.981e+10,1.164e+10,9.884e+08,1.949e+09,3.657e+11,7.490e+09,1.112e+11,3.971e+09,1.641e+09,5.787e+09,7.793e+10,4.147e+09,4.681e+10,6.246e+08,8.977e+08,3.248e+09,4081852.3,297007.94,7
cz10,1.336e+12,1.324e+12,1.183e+10,2.418e+11,1.116e+10,3.082e+09,8.117e+09,1.534e+11,2.189e+09,2.795e+10,4.685e+09,5.485e+08,1.475e+09,7.735e+11,4.340e+09,1.170e+11,4.738e+09,9.174e+08,3.234e+09,3.970e+11,5.302e+09,9.688e+10,1.740e+09,1.616e+09,3.408e+09,7.928e+10,1.997e+09,3.043e+10,3.080e+08,6.840e+08,1.225e+09,4180620.3,319493.66,8
cz13,1.402e+12,1.384e+12,1.756e+10,2.451e+11,1.957e+10,3.798e+09,1.325e+10,1.459e+11,2.474e+09,2.754e+10,7.777e+09,5.108e+08,1.864e+09,8.027e+11,5.894e+09,1.122e+11,8.522e+09,6.601e+08,5.032e+09,4.353e+11,9.194e+09,1.053e+11,3.272e+09,2.627e+09,6.352e+09,9.584e+10,3.327e+09,3.313e+10,4.412e+08,2.020e+09,1.253e+09,4304496.5,325591.66,9
cz92,2.716e+11,2.704e+11,1.273e+09,2.888e+10,0,0,0,3.752e+10,2.253e+08,2.017e+09,0,0,0,1.600e+11,2.542e+08,1.180e+10,0,0,0,7.284e+10,7.931e+08,1.506e+10,0,0,0,1.527e+10,3.692e+08,6.299e+09,0,0,0,3836040.3,70809.576,3
cz96,6.139e+11,6.079e+11,5.998e+09,8.930e+10,0,0,0,7.997e+10,8.979e+08,7.485e+09,0,0,0,3.488e+11,1.820e+09,3.584e+10,0,0,0,1.792e+11,3.280e+09,4.597e+10,0,0,0,3.995e+10,1.417e+09,2.075e+10,0,0,0,3822366,160615.2,4
de00,1.106e+12,1.051e+12,5.556e+10,1.373e+11,5.380e+10,3.387e+10,2.169e+10,9.643e+10,1.431e+10,8.106e+09,2.604e+10,1.076e+10,3.544e+09,6.321e+11,1.859e+10,5.545e+10,1.932e+10,1.195e+10,6.645e+09,3.221e+11,2.267e+10,7.370e+10,8.444e+09,1.116e+10,1.150e+10,6.345e+10,9.719e+09,3.159e+10,1.588e+09,4.174e+09,5.546e+09,38953728,28397.829,5
de01,1.127e+12,1.063e+12,6.356e+10,1.384e+11,6.024e+10,3.883e+10,2.473e+10,9.087e+10,1.334e+10,6.993e+09,2.956e+10,1.094e+10,2.401e+09,6.316e+11,1.866e+10,4.711e+10,2.045e+10,1.141e+10,7.247e+09,3.408e+11,3.156e+10,8.426e+10,1.022e+10,1.648e+10,1.508e+10,7.287e+10,1.633e+10,3.858e+10,2.018e+09,8.573e+09,7.760e+09,39197676,28746.38,5
de02,1.146e+12,1.084e+12,6.167e+10,1.354e+11,5.838e+10,3.571e+10,2.596e+10,8.440e+10,1.407e+10,5.693e+09,2.844e+10,1.155e+10,2.523e+09,6.537e+11,1.991e+10,5.018e+10,1.908e+10,1.227e+10,7.640e+09,3.460e+11,2.769e+10,7.948e+10,1.086e+10,1.189e+10,1.580e+10,7.128e+10,1.335e+10,3.451e+10,1.900e+09,5.593e+09,7.758e+09,39415532,29069.984,5
de03,1.148e+12,1.078e+12,7.070e+10,1.324e+11,6.057e+10,4.648e+10,2.422e+10,7.914e+10,1.186e+10,6.542e+09,2.986e+10,1.067e+10,1.190e+09,6.519e+11,1.820e+10,5.179e+10,2.099e+10,1.061e+10,7.590e+09,3.467e+11,4.063e+10,7.409e+10,9.723e+09,2.519e+10,1.544e+10,7.134e+10,2.686e+10,3.004e+10,1.814e+09,1.930e+10,7.563e+09,39604728,28997.355,6
de04,1.150e+12,1.077e+12,7.301e+10,1.258e+11,5.781e+10,4.323e+10,2.977e+10,7.730e+10,1.512e+10,7.242e+09,2.809e+10,1.034e+10,4.779e+09,6.540e+11,1.952e+10,4.849e+10,1.992e+10,1.159e+10,7.929e+09,3.453e+11,3.836e+10,7.010e+10,9.805e+09,2.130e+10,1.707e+10,6.982e+10,2.311e+10,2.698e+10,1.848e+09,1.447e+10,8.642e+09,39672688,28976.463,6
de05,1.158e+12,1.086e+12,7.224e+10,1.431e+11,6.010e+10,3.945e+10,3.279e+10,6.659e+10,1.510e+10,6.207e+09,2.926e+10,9.912e+09,5.190e+09,6.497e+11,2.008e+10,4.820e+10,2.127e+10,1.166e+10,8.418e+09,3.698e+11,3.706e+10,8.873e+10,9.571e+09,1.787e+10,1.919e+10,8.262e+10,2.231e+10,4.502e+10,1.945e+09,1.081e+10,1.150e+10,40208992,28806.82,6
de06,1.179e+12,1.105e+12,7.381e+10,1.399e+11,6.408e+10,3.965e+10,3.416e+10,6.754e+10,1.537e+10,6.312e+09,3.064e+10,1.093e+10,4.440e+09,6.654e+11,2.436e+10,5.198e+10,2.319e+10,1.335e+10,1.100e+10,3.722e+11,3.409e+10,8.158e+10,1.025e+10,1.537e+10,1.872e+10,7.687e+10,2.021e+10,3.768e+10,1.892e+09,8.608e+09,1.161e+10,40182524,29340.99,7
de07,1.221e+12,1.135e+12,8.670e+10,1.343e+11,6.609e+10,5.077e+10,3.592e+10,6.806e+10,1.644e+10,5.209e+09,3.223e+10,1.283e+10,3.604e+09,6.817e+11,2.267e+10,4.764e+10,2.347e+10,1.286e+10,9.808e+09,3.848e+11,4.758e+10,8.141e+10,1.039e+10,2.508e+10,2.251e+10,7.773e+10,3.180e+10,3.575e+10,1.608e+09,1.677e+10,1.503e+10,40554568,30112.991,7
de08,1.257e+12,1.182e+12,7.547e+10,1.467e+11,6.930e+10,3.846e+10,3.701e+10,7.438e+10,1.887e+10,7.961e+09,3.445e+10,1.294e+10,5.932e+09,7.070e+11,2.142e+10,4.833e+10,2.453e+10,1.122e+10,1.020e+10,4.006e+11,3.518e+10,9.043e+10,1.032e+10,1.430e+10,2.088e+10,8.845e+10,2.015e+10,4.731e+10,1.894e+09,7.971e+09,1.218e+10,40647152,30934.33,7
de09,1.233e+12,1.164e+12,6.936e+10,1.334e+11,7.463e+10,3.323e+10,3.614e+10,6.745e+10,1.712e+10,5.497e+09,3.707e+10,1.182e+10,5.300e+09,6.989e+11,2.362e+10,5.370e+10,2.658e+10,1.188e+10,1.174e+10,3.972e+11,2.862e+10,7.418e+10,1.098e+10,9.530e+09,1.909e+10,8.018e+10,1.578e+10,3.448e+10,1.673e+09,3.618e+09,1.216e+10,40765748,30243.773,8
de10,1.234e+12,1.174e+12,5.991e+10,1.351e+11,6.793e+10,2.953e+10,3.038e+10,7.024e+10,1.455e+10,7.645e+09,3.318e+10,1.011e+10,4.441e+09,7.037e+11,2.243e+10,5.708e+10,2.394e+10,1.091e+10,1.152e+10,3.998e+11,2.293e+10,7.040e+10,1.081e+10,8.508e+09,1.442e+10,8.207e+10,1.201e+10,2.935e+10,1.726e+09,3.653e+09,8.357e+09,39863596,30947.132,8
de11,1.287e+12,1.226e+12,6.130e+10,1.367e+11,8.491e+10,3.148e+10,2.983e+10,7.724e+10,1.326e+10,8.261e+09,4.040e+10,1.015e+10,3.111e+09,7.287e+11,2.223e+10,5.644e+10,3.282e+10,1.121e+10,1.102e+10,4.196e+11,2.581e+10,7.198e+10,1.169e+10,1.011e+10,1.569e+10,8.914e+10,1.425e+10,2.655e+10,1.751e+09,4.050e+09,1.020e+10,40011220,32162.277,8
de12,1.289e+12,1.230e+12,5.904e+10,1.366e+11,7.607e+10,2.663e+10,3.241e+10,7.453e+10,1.303e+10,7.855e+09,3.657e+10,9.413e+09,3.620e+09,7.304e+11,2.105e+10,5.464e+10,2.621e+10,9.147e+09,1.190e+10,4.252e+11,2.495e+10,7.411e+10,1.329e+10,8.070e+09,1.688e+10,8.755e+10,1.353e+10,3.260e+10,1.605e+09,2.858e+09,1.067e+10,40280376,32005.767,9
de13,1.329e+12,1.265e+12,6.403e+10,1.444e+11,6.867e+10,2.723e+10,3.680e+10,7.186e+10,1.237e+10,8.369e+09,3.027e+10,8.529e+09,3.838e+09,7.511e+11,2.102e+10,5.829e+10,2.483e+10,8.675e+09,1.235e+10,4.416e+11,3.063e+10,7.775e+10,1.358e+10,1.003e+10,2.061e+10,9.416e+10,1.966e+10,3.619e+10,2.451e+09,5.113e+09,1.455e+10,40617052,32709.486,9
de14,1.345e+12,1.281e+12,6.354e+10,1.325e+11,7.508e+10,2.915e+10,3.439e+10,7.363e+10,1.069e+10,7.385e+09,3.443e+10,7.709e+09,2.979e+09,7.721e+11,2.052e+10,5.837e+10,2.619e+10,8.041e+09,1.248e+10,4.357e+11,3.234e+10,6.673e+10,1.446e+10,1.340e+10,1.894e+10,8.177e+10,1.950e+10,2.680e+10,2.380e+09,7.546e+09,1.195e+10,41207320,32637.542,9
de15,1.414e+12,1.342e+12,7.218e+10,1.530e+11,8.638e+10,2.739e+10,4.479e+10,7.326e+10,1.292e+10,6.439e+09,4.217e+10,7.547e+09,5.371e+09,7.966e+11,2.454e+10,5.839e+10,3.016e+10,7.968e+09,1.658e+10,4.723e+11,3.471e+10,8.813e+10,1.405e+10,1.187e+10,2.284e+10,1.086e+11,2.095e+10,4.422e+10,2.668e+09,6.700e+09,1.425e+10,41542916,34044.753,10
de73,2.875e+11,2.592e+11,2.826e+10,4.850e+10,0,0,0,3.858e+10,9.168e+09,4.884e+09,0,0,0,1.510e+11,1.183e+10,1.571e+10,0,0,0,6.961e+10,7.267e+09,2.791e+10,0,0,0,1.570e+10,1.835e+09,1.322e+10,0,0,0,23857058,12049.838,0
de78,3.976e+11,3.558e+11,4.175e+10,6.628e+10,0,0,0,3.733e+10,1.276e+10,5.120e+09,0,0,0,2.131e+11,1.809e+10,1.976e+10,0,0,0,1.054e+11,1.090e+10,4.140e+10,0,0,0,2.595e+10,2.768e+09,2.139e+10,0,0,0,24985688,15913.01,0
de81,3.925e+11,3.865e+11,6.038e+09,5.191e+10,0,0,0,5.264e+10,2.494e+09,3.681e+09,0,0,0,2.302e+11,1.337e+09,2.062e+10,0,0,0,1.036e+11,2.207e+09,2.762e+10,0,0,0,2.040e+10,5.551e+08,1.285e+10,0,0,0,23135230,16965.242,1
de83,4.973e+11,4.318e+11,6.551e+10,5.314e+10,0,0,0,4.063e+10,1.894e+10,3.334e+09,0,0,0,2.658e+11,2.877e+10,2.027e+10,0,0,0,1.254e+11,1.780e+10,2.954e+10,0,0,0,2.542e+10,4.685e+09,1.446e+10,0,0,0,26255142,18939.935,2
de84,4.763e+11,4.611e+11,1.517e+10,5.059e+10,1.484e+10,9.149e+09,6.022e+09,4.923e+10,5.501e+08,4.011e+09,7.227e+09,2.995e+09,-2.444e+09,2.764e+11,6.026e+09,1.814e+10,5.831e+09,3.494e+09,2.532e+09,1.355e+11,8.595e+09,2.844e+10,1.781e+09,2.661e+09,5.935e+09,2.880e+10,3.401e+09,1.410e+10,3.221e+08,8.488e+08,2.553e+09,26555558,17935.97,2
de87,5.491e+11,5.292e+11,1.992e+10,5.626e+10,1.788e+10,1.154e+10,8.383e+09,5.511e+10,4.037e+09,4.244e+09,8.974e+09,4.365e+09,-3.281e+08,3.223e+11,6.300e+09,2.328e+10,6.640e+09,3.852e+09,2.447e+09,1.517e+11,9.587e+09,2.873e+10,2.269e+09,3.324e+09,6.264e+09,2.985e+10,3.946e+09,1.399e+10,5.086e+08,1.079e+09,2.868e+09,27720998,19807.473,2
de89,6.372e+11,6.121e+11,2.514e+10,6.641e+10,2.022e+10,1.278e+10,1.236e+10,6.680e+10,5.094e+09,5.359e+09,9.971e+09,4.624e+09,4.705e+08,3.644e+11,8.233e+09,2.615e+10,7.714e+09,5.108e+09,3.124e+09,1.809e+11,1.181e+10,3.490e+10,2.533e+09,3.048e+09,8.765e+09,4.249e+10,5.236e+09,1.754e+10,3.406e+08,9.465e+08,4.289e+09,28623306,22262.73,3
de91,8.082e+11,7.772e+11,3.106e+10,6.925e+10,2.576e+10,1.965e+10,1.140e+10,8.513e+10,6.021e+09,5.896e+09,1.232e+10,6.453e+09,-4.327e+08,4.652e+11,1.181e+10,3.097e+10,9.582e+09,7.204e+09,4.603e+09,2.268e+11,1.323e+10,3.238e+10,3.861e+09,5.995e+09,7.233e+09,4.072e+10,6.756e+09,9.188e+09,9.102e+08,2.674e+09,4.082e+09,36215864,22317.035,3
de94,9.300e+11,8.849e+11,4.513e+10,7.465e+10,3.862e+10,2.851e+10,1.662e+10,8.373e+10,1.235e+10,7.245e+09,2.007e+10,9.552e+09,2.802e+09,5.398e+11,1.447e+10,3.018e+10,1.384e+10,9.645e+09,4.828e+09,2.613e+11,1.831e+10,3.723e+10,4.706e+09,9.312e+09,8.994e+09,4.862e+10,9.136e+09,1.233e+10,8.398e+08,4.228e+09,4.908e+09,37583460,24744.993,4
de95,9.776e+11,9.324e+11,4.521e+10,8.488e+10,4.176e+10,2.991e+10,1.530e+10,9.149e+10,8.276e+09,7.410e+09,2.093e+10,9.476e+09,-1.200e+09,5.632e+11,1.649e+10,3.447e+10,1.648e+10,1.075e+10,5.737e+09,2.777e+11,2.044e+10,4.300e+10,4.353e+09,9.686e+09,1.076e+10,5.020e+10,1.131e+10,1.781e+10,9.027e+08,5.344e+09,5.968e+09,37993516,25730.515,4
de98,1.043e+12,9.910e+11,5.193e+10,1.005e+11,5.258e+10,2.889e+10,2.305e+10,9.297e+10,1.098e+10,8.243e+09,2.604e+10,9.932e+09,1.044e+09,6.040e+11,1.841e+10,5.065e+10,1.896e+10,9.934e+09,8.478e+09,2.941e+11,2.254e+10,4.157e+10,7.588e+09,9.020e+09,1.352e+10,5.296e+10,1.218e+10,1.427e+10,1.377e+09,4.997e+09,7.181e+09,38405608,27156.896,5
dk00,6.854e+11,6.585e+11,2.689e+10,4.073e+10,5.140e+10,2.272e+10,8.374e+08,6.234e+10,7.908e+09,1.643e+09,1.437e+10,7.387e+09,1.650e+08,4.079e+11,6.060e+09,1.986e+10,2.547e+10,5.011e+09,3.797e+08,1.883e+11,1.292e+10,1.923e+10,1.156e+10,1.032e+10,2.928e+08,3.403e+10,8.307e+09,7.205e+09,1.984e+09,6.717e+09,50768988,2496588.8,274524.67,5
dk04,7.600e+11,7.338e+11,2.617e+10,4.393e+10,6.418e+10,2.185e+10,9.445e+08,6.438e+10,7.467e+09,1.050e+09,1.846e+10,6.891e+09,1.825e+08,4.536e+11,6.342e+09,2.150e+10,3.070e+10,4.976e+09,4.270e+08,2.159e+11,1.236e+10,2.138e+10,1.502e+10,9.984e+09,3.350e+08,4.144e+10,7.404e+09,9.600e+09,2.565e+09,6.108e+09,66219712,2547121.3,298373.6,6
dk07,8.969e+11,8.481e+11,4.881e+10,5.203e+10,1.101e+11,4.693e+10,1.884e+09,8.166e+10,1.043e+10,-8.304e+08,3.146e+10,1.011e+10,3.230e+08,5.190e+11,1.076e+10,2.362e+10,5.145e+10,9.915e+09,8.430e+08,2.474e+11,2.762e+10,2.924e+10,2.719e+10,2.690e+10,7.180e+08,4.804e+10,1.916e+10,1.337e+10,5.199e+09,1.902e+10,1.488e+08,2584718.5,346990.01,7
dk10,9.298e+11,8.926e+11,3.723e+10,4.901e+10,9.279e+10,3.595e+10,1.272e+09,6.240e+10,8.232e+09,-2.826e+09,2.808e+10,8.005e+09,2.278e+08,5.452e+11,7.414e+09,2.200e+10,4.245e+10,6.854e+09,5.600e+08,2.850e+11,2.158e+10,2.984e+10,2.226e+10,2.109e+10,4.846e+08,6.407e+10,1.542e+10,1.524e+10,4.300e+09,1.533e+10,97978432,2627269,353906.08,8
dk13,9.673e+11,9.301e+11,3.726e+10,5.397e+10,9.241e+10,3.603e+10,1.235e+09,6.158e+10,7.814e+09,1.179e+09,2.779e+10,7.566e+09,2.474e+08,5.700e+11,7.936e+09,2.368e+10,4.161e+10,7.455e+09,4.811e+08,2.985e+11,2.151e+10,2.911e+10,2.301e+10,2.100e+10,5.060e+08,6.255e+10,1.421e+10,1.316e+10,4.530e+09,1.401e+10,2.024e+08,2649400,365115.64,9
dk87,4.275e+11,4.064e+11,2.109e+10,2.280e+10,1.439e+10,0,0,4.082e+10,8.419e+09,-7.406e+08,2.787e+09,0,0,2.512e+11,6.391e+09,1.105e+10,7.684e+09,0,0,1.144e+11,6.277e+09,1.249e+10,3.921e+09,0,0,2.022e+10,3.708e+09,6.335e+09,6.190e+08,0,0,2493773.8,171433.46,2
dk92,4.960e+11,4.717e+11,2.427e+10,2.710e+10,1.395e+10,0,0,3.545e+10,9.852e+09,-2.015e+09,2.692e+09,0,0,2.968e+11,6.798e+09,1.155e+10,7.587e+09,0,0,1.394e+11,7.620e+09,1.757e+10,3.673e+09,0,0,2.478e+10,4.909e+09,8.037e+09,6.580e+08,0,0,2587602.8,191665.58,3
dk95,5.408e+11,5.153e+11,2.550e+10,3.101e+10,3.031e+10,2.179e+10,5.721e+08,4.437e+10,6.638e+09,1.431e+09,8.411e+09,6.595e+09,87021704,3.235e+11,5.236e+09,1.640e+10,1.522e+10,4.584e+09,2.908e+08,1.475e+11,1.362e+10,1.318e+10,6.677e+09,1.061e+10,1.943e+08,2.440e+10,9.939e+09,3.716e+09,1.099e+09,8.038e+09,27409958,2419377,223547.57,4
ee00,1.842e+09,1.823e+09,19041010,1.219e+08,32717966,0,19041010,1.771e+08,2250443.5,12054244,11565976,0,2250443.5,1.008e+09,2550537.5,68604880,14728113,0,2550537.5,6.386e+08,14240030,41274728,6423878.5,0,14240030,1.409e+08,10241498,11982874,1307259.9,0,10241498,591023.5,3117.2971,5
ee04,3.225e+09,3.205e+09,20160704,95601008,0,10896194,4874231.5,2.843e+08,2045016.3,13090032,0,1489226.6,501009.97,1.784e+09,7793878,42592388,0,2771576.3,3326764,1.137e+09,10321809,39918588,0,6635391.5,1046457.6,2.410e+08,2903338.5,10167425,0,1414760.4,159228.73,559436.06,5773.7185,6
ee07,5.680e+09,5.620e+09,60354580,80939984,1.283e+09,49212608,8089823.5,6.738e+08,5352745.5,23245856,5.104e+08,3096148.5,1523960.4,3.228e+09,14695476,26203824,5.630e+08,8654339,4335002.5,1.718e+09,40306356,31490304,2.098e+08,37462120,2230860.8,3.206e+08,23054832,20842386,33166062,21655064,1333657.6,583991.13,9726.8766,7
ee10,5.399e+09,5.344e+09,55236516,98314120,6.377e+08,33593160,13985891,5.034e+08,3843698.8,27384158,2.550e+08,1436710.4,1678365.1,3.097e+09,30119764,58421196,2.793e+08,18842472,7051846.5,1.744e+09,21273054,12508763,1.034e+08,13313977,5255679.5,3.300e+08,8237964,585347.69,18774392,6575897.5,656229.94,585242.31,9225.4167,8
ee13,6.941e+09,7.218e+09,88138016,1.684e+08,5.620e+08,33453774,60648548,8.498e+08,7749982,11271417,2.341e+08,1180645.8,12533637,3.958e+09,30850868,83736968,2.344e+08,6584102.5,24266766,2.410e+09,49537168,73343456,93494768,25689026,23848144,4.668e+08,18683314,28241398,17544786,17016226,1667087.6,582070.19,12173.271,9
es00,2.193e+11,2.122e+11,7.222e+09,4.497e+10,0,4.820e+09,2.421e+09,2.080e+10,2.134e+09,3.494e+09,0,1.540e+09,6.117e+08,1.210e+11,2.461e+09,2.083e+10,0,1.608e+09,8.529e+08,7.044e+10,2.628e+09,2.065e+10,0,1.672e+09,9.560e+08,1.605e+10,1.392e+09,8.291e+09,0,8.990e+08,4.935e+08,14226772,15965.18,5
es04,2.565e+11,2.493e+11,7.226e+09,2.565e+10,7.375e+10,3.064e+09,4.162e+09,3.363e+10,1.596e+09,5.798e+09,3.151e+10,6.201e+08,9.761e+08,1.452e+11,2.291e+09,1.213e+10,3.164e+10,7.180e+08,1.573e+09,7.045e+10,3.338e+09,7.721e+09,1.060e+10,1.725e+09,1.613e+09,1.273e+10,1.536e+09,3.313e+09,1.632e+09,8.954e+08,6.410e+08,15141301,16942.044,6
es07,4.074e+11,3.953e+11,1.208e+10,3.924e+10,8.595e+10,4.234e+09,7.851e+09,5.368e+10,3.302e+09,7.292e+09,4.011e+10,1.374e+09,1.928e+09,2.274e+11,4.749e+09,2.133e+10,3.583e+10,1.636e+09,3.112e+09,1.143e+11,4.034e+09,1.062e+10,1.001e+10,1.224e+09,2.810e+09,2.075e+10,1.154e+09,4.189e+09,1.346e+09,2.511e+08,9.032e+08,16580451,24570.449,7
es10,3.683e+11,3.587e+11,9.526e+09,3.498e+10,8.781e+10,3.580e+09,5.945e+09,3.179e+10,2.098e+09,3.020e+09,4.090e+10,8.423e+08,1.256e+09,2.121e+11,4.152e+09,1.416e+10,3.678e+10,1.354e+09,2.799e+09,1.148e+11,3.275e+09,1.780e+10,1.013e+10,1.384e+09,1.891e+09,1.995e+10,7.343e+08,3.164e+09,1.270e+09,3.619e+08,3.724e+08,17279166,21311.996,8
es13,4.020e+11,3.762e+11,2.580e+10,3.760e+10,8.493e+10,1.734e+10,8.462e+09,2.827e+10,7.266e+09,3.993e+09,4.060e+10,5.248e+09,2.018e+09,2.155e+11,1.056e+10,2.042e+10,3.454e+10,7.013e+09,3.546e+09,1.325e+11,7.978e+09,1.319e+10,9.787e+09,5.081e+09,2.897e+09,2.596e+10,2.416e+09,2.853e+09,1.320e+09,1.614e+09,8.028e+08,18266464,22007.103,9
es80,3.178e+10,3.112e+10,6.611e+08,6.206e+09,0,0,0,5.444e+09,1.221e+08,1.509e+09,0,0,0,1.727e+10,1.434e+08,2.973e+09,0,0,0,8.408e+09,3.957e+08,1.724e+09,0,0,0,1.596e+09,3.041e+08,5.697e+08,0,0,0,9779941,3254.1492,1
es85,5.358e+10,5.236e+10,1.212e+09,9.943e+09,1.073e+10,0,0,8.521e+09,3.967e+08,2.134e+09,3.879e+09,0,0,2.893e+10,3.314e+08,5.376e+09,4.818e+09,0,0,1.492e+10,4.844e+08,2.433e+09,2.029e+09,0,0,2.903e+09,2.925e+08,6.762e+08,4.104e+08,0,0,10461066,5121.4204,2
es90,9.519e+10,9.352e+10,1.664e+09,1.776e+10,2.287e+10,0,0,1.416e+10,5.589e+08,2.744e+09,9.066e+09,0,0,5.305e+10,4.229e+08,9.776e+09,9.976e+09,0,0,2.631e+10,6.819e+08,5.237e+09,3.827e+09,0,0,5.276e+09,3.507e+08,1.109e+09,6.943e+08,0,0,11297006,8425.7878,3
es95,1.496e+11,1.438e+11,5.839e+09,2.736e+10,0,0,0,1.279e+10,1.510e+09,2.713e+09,0,0,0,8.340e+10,2.005e+09,1.405e+10,0,0,0,4.760e+10,2.324e+09,1.061e+10,0,0,0,9.937e+09,8.806e+08,3.798e+09,0,0,0,12790003,11791.728,4
fi00,5.907e+10,5.490e+10,4.170e+09,5.137e+09,5.205e+09,3.298e+09,7.471e+08,5.212e+09,4.738e+08,5.631e+08,2.172e+09,3.031e+08,1.547e+08,3.331e+10,8.761e+08,2.448e+09,2.168e+09,5.708e+08,2.666e+08,1.638e+10,2.820e+09,2.126e+09,8.646e+08,2.424e+09,3.258e+08,2.861e+09,1.911e+09,6.192e+08,1.429e+08,1.747e+09,1.174e+08,2373000,24893.263,5
fi04,7.023e+10,6.362e+10,6.606e+09,5.296e+09,6.567e+09,5.633e+09,8.444e+08,5.822e+09,5.933e+08,6.033e+08,2.656e+09,3.903e+08,1.853e+08,3.903e+10,1.061e+09,2.763e+09,2.784e+09,7.272e+08,3.002e+08,1.877e+10,4.952e+09,1.929e+09,1.127e+09,4.516e+09,3.589e+08,3.045e+09,3.485e+09,4.029e+08,1.744e+08,3.325e+09,1.309e+08,2414999.5,29079.949,6
fi07,7.942e+10,7.415e+10,5.271e+09,6.462e+09,9.838e+09,4.080e+09,1.047e+09,6.870e+09,7.507e+08,6.893e+08,3.544e+09,5.343e+08,2.014e+08,4.450e+10,1.243e+09,3.119e+09,4.433e+09,8.583e+08,3.159e+08,2.278e+10,3.276e+09,2.654e+09,1.861e+09,2.687e+09,5.301e+08,3.977e+09,2.092e+09,7.851e+08,2.810e+08,1.724e+09,3.356e+08,2483499.5,31980.791,7
fi10,8.460e+10,7.895e+10,5.648e+09,5.962e+09,1.152e+10,4.245e+09,1.258e+09,6.301e+09,7.555e+08,6.725e+08,4.254e+09,4.715e+08,2.570e+08,4.819e+10,1.430e+09,3.365e+09,5.144e+09,9.071e+08,4.727e+08,2.446e+10,3.462e+09,1.925e+09,2.118e+09,2.866e+09,5.283e+08,4.082e+09,2.366e+09,5.536e+08,3.405e+08,2.043e+09,3.022e+08,2550999.5,33162.875,8
fi13,9.253e+10,8.649e+10,6.047e+09,6.158e+09,1.365e+10,4.454e+09,1.347e+09,6.015e+09,8.273e+08,7.688e+08,5.018e+09,5.175e+08,2.863e+08,5.278e+10,1.610e+09,3.312e+09,6.065e+09,9.822e+08,5.292e+08,2.769e+10,3.610e+09,2.078e+09,2.563e+09,2.955e+09,5.318e+08,4.894e+09,2.124e+09,4.301e+08,4.107e+08,1.846e+09,2.137e+08,2622499.5,35284.173,9
fi87,3.440e+10,3.357e+10,8.235e+08,3.391e+09,1.499e+09,0,0,4.909e+09,2.450e+08,4.705e+08,6.694e+08,0,0,1.970e+10,2.895e+08,1.697e+09,6.192e+08,0,0,8.965e+09,2.890e+08,1.223e+09,2.107e+08,0,0,1.640e+09,1.125e+08,3.969e+08,32573672,0,0,2082257.5,16519.117,2
fi91,4.575e+10,4.395e+10,1.802e+09,4.306e+09,2.976e+09,0,0,5.705e+09,5.514e+08,5.365e+08,1.395e+09,0,0,2.621e+10,6.336e+08,2.149e+09,1.158e+09,0,0,1.203e+10,6.166e+08,1.621e+09,4.240e+08,0,0,2.122e+09,2.085e+08,5.320e+08,68877840,0,0,2200190.3,20794.513,3
fi95,4.316e+10,4.122e+10,1.940e+09,4.629e+09,3.433e+09,0,0,3.190e+09,3.890e+08,5.312e+08,1.589e+09,0,0,2.540e+10,4.685e+08,2.262e+09,1.274e+09,0,0,1.262e+10,1.083e+09,1.836e+09,5.693e+08,0,0,2.141e+09,6.631e+08,4.920e+08,82931600,0,0,2290100,18845.253,4
fr00,4.630e+11,4.331e+11,2.990e+10,4.068e+10,8.700e+10,1.644e+10,1.346e+10,4.016e+10,9.266e+09,3.055e+09,3.924e+10,6.114e+09,3.152e+09,2.533e+11,1.039e+10,1.438e+10,3.543e+10,5.909e+09,4.481e+09,1.396e+11,1.025e+10,2.325e+10,1.233e+10,4.414e+09,5.831e+09,2.913e+10,3.764e+09,9.235e+09,1.831e+09,9.703e+08,2.794e+09,24522572,18879.303,5
fr05,4.998e+11,4.636e+11,3.620e+10,3.601e+10,9.338e+10,2.413e+10,1.208e+10,4.015e+10,1.113e+10,3.518e+09,4.015e+10,8.166e+09,2.966e+09,2.762e+11,1.253e+10,1.387e+10,3.861e+10,8.342e+09,4.191e+09,1.473e+11,1.254e+10,1.862e+10,1.462e+10,7.622e+09,4.919e+09,3.041e+10,3.950e+09,7.970e+09,2.050e+09,2.178e+09,1.771e+09,24918384,20059.432,6
fr10,6.601e+11,6.248e+11,3.532e+10,5.480e+10,1.745e+11,1.745e+10,1.787e+10,4.777e+10,1.087e+10,1.860e+09,7.161e+10,7.290e+09,3.578e+09,3.587e+11,1.443e+10,1.515e+10,7.131e+10,6.602e+09,7.828e+09,2.183e+11,1.002e+10,3.779e+10,3.157e+10,3.561e+09,6.461e+09,5.623e+10,2.362e+09,2.193e+10,4.982e+09,6.821e+08,1.680e+09,28524272,23141.801,8
fr78,1.286e+11,1.254e+11,3.174e+09,1.419e+10,0,0,2.037e+09,1.154e+10,9.201e+08,1.516e+09,0,0,6.734e+08,7.311e+10,1.132e+09,5.793e+09,0,0,6.957e+08,4.077e+10,1.121e+09,6.885e+09,0,0,6.677e+08,9.777e+09,3.883e+08,3.336e+09,0,0,2.137e+08,18864648,6816.5621,0
fr84,2.565e+11,2.478e+11,8.800e+09,1.836e+10,0,0,0,2.167e+10,2.822e+09,2.858e+09,0,0,0,1.364e+11,3.076e+09,7.731e+09,0,0,0,8.971e+10,2.901e+09,7.771e+09,0,0,0,2.959e+10,8.582e+08,1.949e+09,0,0,0,20325672,12979.014,2
fr89,2.930e+11,2.793e+11,1.381e+10,3.078e+10,0,0,0,2.326e+10,3.440e+09,3.146e+09,0,0,0,1.652e+11,4.566e+09,1.201e+10,0,0,0,9.089e+10,5.801e+09,1.562e+10,0,0,0,1.925e+10,2.632e+09,6.698e+09,0,0,0,21201890,14303.157,3
fr94,4.074e+11,3.768e+11,3.068e+10,4.848e+10,0,0,0,3.272e+10,9.648e+09,3.377e+09,0,0,0,2.179e+11,1.133e+10,1.729e+10,0,0,0,1.262e+11,9.706e+09,2.781e+10,0,0,0,2.899e+10,3.227e+09,1.196e+10,0,0,0,23155000,17596.504,4
gr00,4.206e+10,3.944e+10,2.620e+09,1.286e+10,0,5.398e+08,2.094e+09,3.539e+09,6.664e+08,1.666e+09,0,1.412e+08,5.384e+08,2.317e+10,1.086e+09,6.846e+09,0,1.940e+08,8.924e+08,1.273e+10,8.675e+08,4.348e+09,0,2.046e+08,6.629e+08,2.638e+09,2.634e+08,1.716e+09,0,84486128,1.789e+08,3800249.8,11108.683,5
gr04,6.078e+10,5.706e+10,3.717e+09,1.863e+10,1.347e+10,1.624e+08,3.555e+09,6.226e+09,8.406e+08,2.046e+09,5.546e+09,39067324,8.015e+08,3.278e+10,1.562e+09,8.642e+09,5.821e+09,44337176,1.518e+09,1.806e+10,1.314e+09,7.939e+09,2.105e+09,79007120,1.235e+09,3.856e+09,2.787e+08,2.588e+09,3.713e+08,25675980,2.530e+08,3995523,15211.841,6
gr07,9.327e+10,8.785e+10,5.419e+09,2.653e+10,1.530e+10,7.412e+08,4.678e+09,8.959e+09,1.021e+09,3.115e+09,6.486e+09,72393800,9.488e+08,4.918e+10,2.206e+09,1.265e+10,6.518e+09,1.683e+08,2.038e+09,2.971e+10,2.192e+09,1.077e+10,2.292e+09,5.004e+08,1.691e+09,7.157e+09,5.875e+08,4.396e+09,3.661e+08,2.655e+08,3.220e+08,4072175,22903.234,7
gr10,8.277e+10,7.810e+10,4.672e+09,2.331e+10,1.616e+10,4.059e+08,4.266e+09,6.278e+09,9.001e+08,2.220e+09,6.956e+09,70029048,8.301e+08,4.415e+10,1.781e+09,1.088e+10,6.698e+09,1.153e+08,1.666e+09,2.767e+10,1.990e+09,1.021e+10,2.506e+09,2.205e+08,1.770e+09,6.452e+09,5.554e+08,4.074e+09,4.679e+08,1.035e+08,4.519e+08,4154528,19937.067,8
gr13,5.667e+10,5.358e+10,3.118e+09,1.711e+10,1.391e+10,3.717e+08,2.747e+09,2.481e+09,7.491e+08,1.061e+09,6.527e+09,71128456,6.779e+08,3.029e+10,1.305e+09,8.457e+09,5.439e+09,1.206e+08,1.184e+09,2.081e+10,1.064e+09,7.594e+09,1.944e+09,1.799e+08,8.845e+08,5.369e+09,2.112e+08,3.166e+09,3.376e+08,85847864,1.253e+08,4266745,13287.779,9
gr95,2.893e+10,2.666e+10,2.303e+09,9.822e+09,0,0,0,2.546e+09,4.462e+08,1.347e+09,0,0,0,1.559e+10,1.032e+09,5.045e+09,0,0,0,8.524e+09,8.242e+08,3.430e+09,0,0,0,1.811e+09,2.233e+08,1.242e+09,0,0,0,3780737.3,7709.6198,4
hu05,4.632e+12,4.584e+12,4.768e+10,9.349e+11,0,1.200e+10,3.568e+10,2.683e+11,4.887e+09,1.264e+10,0,1.644e+09,3.243e+09,2.657e+12,1.643e+10,2.901e+11,0,1.176e+09,1.525e+10,1.659e+12,2.636e+10,6.322e+11,0,9.175e+09,1.719e+10,3.770e+11,1.336e+10,2.207e+11,0,7.653e+09,5.710e+09,3943282.5,1191839,6
hu07,4.945e+12,4.923e+12,2.300e+10,6.748e+11,0,2.147e+09,2.085e+10,3.326e+11,7.781e+09,2.150e+10,0,2.053e+08,7.576e+09,2.854e+12,8.233e+09,2.039e+11,0,1.752e+09,6.481e+09,1.737e+12,6.988e+09,4.494e+11,0,1.897e+08,6.798e+09,3.989e+11,3.949e+09,2.224e+11,0,0,3.949e+09,4018048,1265554.2,7
hu09,5.122e+12,5.093e+12,2.877e+10,7.842e+11,0,5.812e+09,2.296e+10,2.589e+11,2.637e+09,1.801e+10,0,8.827e+08,1.754e+09,3.020e+12,2.795e+09,2.747e+11,0,1.948e+08,2.600e+09,1.814e+12,2.334e+10,4.915e+11,0,4.734e+09,1.860e+10,3.530e+11,1.280e+10,1.718e+11,0,3.235e+09,9.562e+09,4048910.5,1290936.7,8
hu12,6.084e+12,6.057e+12,2.656e+10,7.876e+11,0,2.289e+09,2.427e+10,2.824e+11,7.262e+09,2.106e+10,0,5.424e+08,6.719e+09,3.652e+12,9.920e+09,3.126e+11,0,8.994e+08,9.020e+09,2.122e+12,9.382e+09,4.539e+11,0,8.475e+08,8.535e+09,4.832e+11,6.592e+08,2.137e+11,0,0,6.592e+08,4077407,1515303.7,9
hu15,8.449e+12,8.398e+12,5.172e+10,1.416e+12,0,2.842e+10,2.330e+10,8.148e+11,1.095e+10,3.734e+10,0,4.617e+09,6.335e+09,4.881e+12,1.712e+10,4.511e+11,0,8.720e+09,8.398e+09,2.702e+12,2.365e+10,9.280e+11,0,1.509e+10,8.563e+09,5.638e+11,3.528e+09,3.437e+11,0,3.528e+09,0,4187258.8,2019496.2,10
hu91,7.762e+11,7.700e+11,6.215e+09,3.286e+10,0,0,0,8.359e+10,6.525e+08,3.835e+09,0,0,0,4.366e+11,3.172e+09,1.439e+10,0,0,0,2.498e+11,2.391e+09,1.464e+10,0,0,0,5.733e+10,3.329e+08,3.847e+09,0,0,0,3584710,216527.4,3
hu94,1.167e+12,1.155e+12,1.153e+10,4.777e+10,0,0,0,7.628e+10,1.456e+09,5.431e+09,0,0,0,6.504e+11,3.233e+09,1.678e+10,0,0,0,4.288e+11,6.836e+09,2.556e+10,0,0,0,9.810e+10,1.699e+09,5.581e+09,0,0,0,3794899.8,308228.97,4
hu99,2.423e+12,2.347e+12,7.693e+10,3.842e+11,0,5.839e+10,1.854e+10,1.492e+11,1.775e+10,2.691e+10,0,1.377e+10,3.978e+09,1.360e+12,2.793e+10,1.656e+11,0,2.120e+10,6.728e+09,8.375e+11,3.126e+10,1.917e+11,0,2.343e+10,7.834e+09,1.905e+11,5.582e+09,5.400e+10,0,5.047e+09,5.348e+08,3898576.3,628073.65,5
it00,3.254e+11,2.958e+11,2.965e+10,7.909e+10,4.854e+10,2.204e+10,7.609e+09,3.221e+10,5.302e+09,7.619e+09,1.849e+10,4.226e+09,1.075e+09,1.749e+11,1.000e+10,3.703e+10,2.080e+10,7.466e+09,2.535e+09,8.863e+10,1.434e+10,3.443e+10,9.239e+09,1.035e+10,3.999e+09,1.875e+10,5.356e+09,1.176e+10,2.030e+09,4.244e+09,1.112e+09,20848180,15610.677,5
it04,3.785e+11,3.630e+11,1.548e+10,9.923e+10,1.243e+11,8.139e+09,7.346e+09,3.635e+10,3.875e+09,6.690e+09,5.274e+10,2.761e+09,1.114e+09,2.051e+11,5.694e+09,3.782e+10,5.146e+10,2.880e+09,2.814e+09,1.215e+11,5.916e+09,5.472e+10,2.011e+10,2.498e+09,3.418e+09,3.305e+10,2.114e+09,2.665e+10,3.389e+09,7.631e+08,1.351e+09,22125650,17106.091,6
it08,4.245e+11,4.000e+11,2.459e+10,9.711e+10,1.473e+11,1.525e+10,9.336e+09,4.150e+10,5.700e+09,6.441e+09,6.182e+10,4.157e+09,1.543e+09,2.338e+11,8.939e+09,4.137e+10,6.047e+10,5.729e+09,3.211e+09,1.246e+11,9.950e+09,4.930e+10,2.504e+10,5.368e+09,4.582e+09,2.766e+10,3.275e+09,1.518e+10,4.770e+09,1.827e+09,1.448e+09,23412170,18133.467,7
it10,4.211e+11,4.042e+11,1.696e+10,9.771e+10,1.620e+11,6.994e+09,9.967e+09,3.847e+10,4.182e+09,7.539e+09,6.741e+10,2.095e+09,2.087e+09,2.407e+11,4.943e+09,4.147e+10,6.408e+10,2.047e+09,2.896e+09,1.250e+11,7.836e+09,4.870e+10,3.046e+10,2.852e+09,4.984e+09,2.611e+10,2.590e+09,1.557e+10,4.952e+09,9.207e+08,1.669e+09,23611100,17836.216,8
it14,4.050e+11,3.891e+11,1.593e+10,8.634e+10,1.468e+11,8.304e+09,7.623e+09,3.036e+10,4.685e+09,6.259e+09,6.432e+10,2.840e+09,1.845e+09,2.308e+11,5.617e+09,3.657e+10,5.832e+10,2.726e+09,2.891e+09,1.279e+11,5.625e+09,4.351e+10,2.420e+10,2.739e+09,2.887e+09,2.821e+10,2.180e+09,1.832e+10,4.517e+09,1.146e+09,1.034e+09,24572496,16481.886,9
it86,1.717e+11,1.618e+11,9.887e+09,4.425e+10,2.535e+10,0,0,2.524e+10,1.738e+09,5.461e+09,8.986e+09,0,0,9.274e+10,3.753e+09,2.051e+10,1.049e+10,0,0,4.378e+10,4.396e+09,1.828e+10,5.878e+09,0,0,9.476e+09,1.264e+09,6.890e+09,1.192e+09,0,0,20375790,8424.3689,2
it87,1.808e+11,1.671e+11,1.368e+10,4.951e+10,3.121e+10,0,0,2.184e+10,2.567e+09,4.500e+09,1.156e+10,0,0,9.583e+10,5.653e+09,2.289e+10,1.312e+10,0,0,4.940e+10,5.465e+09,2.212e+10,6.529e+09,0,0,9.652e+09,1.381e+09,6.408e+09,1.437e+09,0,0,18723584,9653.7074,2
it89,2.243e+11,2.055e+11,1.875e+10,6.479e+10,4.366e+10,0,0,2.923e+10,3.661e+09,8.484e+09,1.737e+10,0,0,1.198e+11,6.904e+09,3.125e+10,1.799e+10,0,0,5.644e+10,8.189e+09,2.505e+10,8.307e+09,0,0,1.019e+10,3.346e+09,7.683e+09,1.621e+09,0,0,19504302,11498.402,3
it91,2.500e+11,2.291e+11,2.093e+10,7.118e+10,5.325e+10,0,0,3.316e+10,5.161e+09,7.785e+09,2.048e+10,0,0,1.352e+11,7.915e+09,3.710e+10,2.333e+10,0,0,6.071e+10,7.851e+09,2.629e+10,9.438e+09,0,0,1.116e+10,3.128e+09,7.488e+09,1.770e+09,0,0,19629840,12735.438,3
it93,2.558e+11,2.285e+11,2.725e+10,6.422e+10,6.357e+10,0,0,2.434e+10,5.215e+09,7.670e+09,2.369e+10,0,0,1.365e+11,9.248e+09,2.946e+10,2.768e+10,0,0,6.770e+10,1.279e+10,2.709e+10,1.221e+10,0,0,1.301e+10,3.828e+09,9.717e+09,1.639e+09,0,0,19674968,13000.166,4
it95,2.564e+11,2.303e+11,2.615e+10,5.481e+10,4.008e+10,2.079e+10,5.361e+09,2.300e+10,5.488e+09,5.834e+09,1.472e+10,4.632e+09,8.569e+08,1.373e+11,9.950e+09,2.665e+10,1.745e+10,8.214e+09,1.736e+09,6.991e+10,1.071e+10,2.232e+10,7.912e+09,7.946e+09,2.768e+09,1.479e+10,3.550e+09,8.222e+09,1.453e+09,2.658e+09,8.928e+08,19646300,13051.232,4
it98,3.057e+11,2.686e+11,3.707e+10,7.307e+10,4.474e+10,3.174e+10,5.328e+09,2.521e+10,7.324e+09,5.693e+09,1.742e+10,6.438e+09,8.860e+08,1.609e+11,1.263e+10,3.103e+10,1.890e+10,1.101e+10,1.623e+09,8.251e+10,1.711e+10,3.635e+10,8.424e+09,1.429e+10,2.819e+09,1.847e+10,6.914e+09,1.420e+10,1.475e+09,6.203e+09,7.113e+08,20509670,14904.911,5
mx00,1.590e+12,1.563e+12,2.709e+10,4.057e+11,2.842e+11,3.506e+09,2.187e+10,2.321e+11,2.351e+09,6.189e+10,6.914e+10,77362384,2.068e+09,7.268e+11,9.645e+09,1.586e+11,1.160e+11,6.431e+08,8.436e+09,6.039e+11,1.510e+10,1.852e+11,9.905e+10,2.786e+09,1.137e+10,1.578e+11,6.873e+09,6.187e+10,1.878e+10,1.126e+09,5.747e+09,23484752,67698.556,5
mx02,1.832e+12,1.796e+12,3.628e+10,4.444e+11,3.038e+11,2.701e+09,3.249e+10,2.754e+11,3.905e+09,6.895e+10,9.430e+10,2.997e+08,3.518e+09,8.674e+11,7.121e+09,1.936e+11,1.225e+11,4.220e+08,5.956e+09,6.530e+11,2.525e+10,1.819e+11,8.701e+10,1.979e+09,2.301e+10,1.547e+11,1.143e+10,5.616e+10,2.345e+10,1.694e+09,9.733e+09,24650168,74323.81,5
mx04,2.130e+12,2.069e+12,6.100e+10,4.482e+11,3.567e+11,8.738e+09,4.968e+10,3.223e+11,5.942e+09,6.887e+10,1.036e+11,6.921e+08,5.189e+09,9.943e+11,1.114e+10,1.822e+11,1.445e+11,5.104e+08,1.021e+10,7.525e+11,4.391e+10,1.972e+11,1.087e+11,7.535e+09,3.428e+10,1.953e+11,3.357e+10,7.103e+10,3.489e+10,6.378e+09,2.627e+10,25561448,83333.436,6
mx08,2.880e+12,2.811e+12,6.972e+10,6.661e+11,4.490e+11,1.036e+10,5.922e+10,3.556e+11,8.332e+09,5.953e+10,1.526e+11,8.987e+08,7.434e+09,1.357e+12,1.865e+10,2.075e+11,1.860e+11,2.235e+09,1.642e+10,1.098e+12,4.273e+10,3.990e+11,1.103e+11,7.229e+09,3.537e+10,3.256e+11,1.837e+10,2.014e+11,2.438e+10,3.531e+09,1.475e+10,27874624,103332.78,7
mx10,2.790e+12,2.723e+12,6.657e+10,4.579e+11,5.465e+11,7.401e+09,5.905e+10,3.494e+11,7.410e+09,5.448e+10,1.971e+11,3.239e+08,7.086e+09,1.355e+12,2.161e+10,2.222e+11,2.261e+11,2.853e+09,1.874e+10,1.019e+12,3.755e+10,1.812e+11,1.234e+11,4.224e+09,3.323e+10,2.638e+11,1.716e+10,6.973e+10,2.872e+10,2.577e+09,1.458e+10,29556772,94392.183,8
mx12,3.289e+12,3.218e+12,7.129e+10,5.855e+11,5.800e+11,1.130e+10,5.983e+10,3.985e+11,7.903e+09,4.405e+10,2.146e+11,3.919e+08,7.511e+09,1.586e+12,1.865e+10,2.319e+11,2.367e+11,1.721e+09,1.693e+10,1.233e+12,4.474e+10,3.096e+11,1.288e+11,9.187e+09,3.540e+10,3.676e+11,7.517e+09,1.447e+11,2.189e+10,1.854e+09,5.664e+09,31559380,104211.23,9
mx84,7.880e+09,7.596e+09,2.841e+08,2.284e+09,1.118e+09,0,0,1.434e+09,33467956,4.601e+08,3.071e+08,0,0,3.755e+09,94899296,9.629e+08,5.194e+08,0,0,2.406e+09,1.558e+08,8.610e+08,2.912e+08,0,0,5.744e+08,34177112,3.351e+08,54310040,0,0,14988551,525.71196,2
mx89,1.659e+11,1.598e+11,6.115e+09,4.764e+10,3.128e+10,0,0,2.792e+10,4.985e+08,6.941e+09,8.767e+09,0,0,7.491e+10,1.081e+09,1.662e+10,1.339e+10,0,0,5.698e+10,4.536e+09,2.408e+10,9.122e+09,0,0,1.827e+10,2.379e+09,1.257e+10,2.086e+09,0,0,15955536,10399.614,3
mx92,3.633e+11,3.577e+11,5.600e+09,1.133e+11,7.836e+10,0,0,5.642e+10,1.109e+09,1.435e+10,2.337e+10,0,0,1.594e+11,1.788e+09,3.834e+10,3.332e+10,0,0,1.419e+11,2.703e+09,6.063e+10,2.167e+10,0,0,4.544e+10,2.256e+08,3.224e+10,5.019e+09,0,0,17819414,20387.71,3
mx94,4.660e+11,4.585e+11,7.514e+09,1.155e+11,1.091e+11,0,0,6.827e+10,1.059e+09,1.840e+10,3.043e+10,0,0,2.080e+11,2.462e+09,4.661e+10,4.665e+10,0,0,1.822e+11,3.992e+09,5.049e+10,3.205e+10,0,0,5.376e+10,1.084e+09,1.993e+10,6.458e+09,0,0,19440278,23971.161,4
mx96,6.451e+11,6.321e+11,1.298e+10,1.705e+11,1.322e+11,0,0,1.012e+11,1.409e+09,2.790e+10,4.085e+10,0,0,2.910e+11,3.510e+09,6.584e+10,5.594e+10,0,0,2.399e+11,8.059e+09,7.673e+10,3.544e+10,0,0,6.936e+10,5.255e+09,3.583e+10,7.305e+09,0,0,20467038,31517.514,4
mx98,1.030e+12,1.008e+12,2.210e+10,2.968e+11,1.760e+11,6.887e+09,1.361e+10,1.457e+11,2.173e+09,4.081e+10,5.096e+10,2.288e+08,1.769e+09,4.713e+11,4.487e+09,1.092e+11,7.313e+10,6.939e+08,3.278e+09,3.908e+11,1.544e+10,1.468e+11,5.189e+10,5.965e+09,8.561e+09,1.112e+11,8.175e+09,6.477e+10,1.393e+10,2.521e+09,4.740e+09,22163568,46468.643,5
nl04,2.336e+11,2.285e+11,5.100e+09,2.136e+10,8.831e+09,5.084e+09,16510349,1.981e+10,1.968e+09,6.957e+08,2.541e+09,1.967e+09,1581896.1,1.357e+11,1.873e+09,9.200e+09,4.411e+09,1.859e+09,13535160,7.298e+10,1.259e+09,1.147e+10,1.878e+09,1.258e+09,1393292.8,1.821e+10,2.570e+08,5.577e+09,3.171e+08,2.570e+08,0,7090965,32942.128,6
nl07,2.828e+11,2.661e+11,1.668e+10,2.478e+10,9.493e+09,1.481e+10,1.865e+09,2.223e+10,3.594e+09,1.198e+09,2.756e+09,3.045e+09,5.486e+08,1.600e+11,3.324e+09,9.918e+09,4.852e+09,2.761e+09,5.636e+08,8.388e+10,9.760e+09,1.366e+10,1.884e+09,9.007e+09,7.525e+08,1.745e+10,7.216e+09,3.883e+09,3.207e+08,6.816e+09,4.005e+08,7242202,39048.823,7
nl10,2.945e+11,2.825e+11,1.200e+10,2.781e+10,1.031e+10,9.900e+09,2.102e+09,2.355e+10,3.551e+09,2.269e+09,3.354e+09,3.058e+09,4.933e+08,1.715e+11,3.617e+09,1.199e+10,4.991e+09,2.721e+09,8.965e+08,8.740e+10,4.833e+09,1.355e+10,1.966e+09,4.121e+09,7.120e+08,1.720e+10,2.189e+09,4.655e+09,3.157e+08,2.011e+09,1.788e+08,7443801,39557.844,8
nl13,2.922e+11,2.792e+11,1.306e+10,3.126e+10,1.191e+10,9.979e+09,3.077e+09,1.937e+10,3.715e+09,1.972e+09,3.859e+09,3.046e+09,6.691e+08,1.696e+11,3.405e+09,1.639e+10,5.703e+09,2.672e+09,7.331e+08,9.016e+10,5.936e+09,1.289e+10,2.349e+09,4.261e+09,1.675e+09,1.737e+10,3.920e+09,2.558e+09,3.906e+08,2.948e+09,9.712e+08,7590228,38502.205,9
nl83,9.063e+10,8.904e+10,1.593e+09,1.327e+10,4.734e+09,0,0,8.251e+09,5.415e+08,7.363e+08,1.370e+09,0,0,5.412e+10,5.154e+08,3.781e+09,2.201e+09,0,0,2.667e+10,5.365e+08,8.752e+09,1.164e+09,0,0,5.826e+09,41687428,3.571e+09,2.249e+08,0,0,5797087.5,15634.029,2
nl87,9.179e+10,9.041e+10,1.380e+09,9.658e+09,1.172e+09,0,0,7.681e+09,6.304e+08,3.903e+08,2.588e+08,0,0,5.501e+10,4.837e+08,3.087e+09,5.736e+08,0,0,2.772e+10,2.661e+08,6.180e+09,3.398e+08,0,0,6.013e+09,10742870,2.452e+09,60528160,0,0,5607931.5,16367.533,2
nl90,1.215e+11,1.171e+11,4.395e+09,6.051e+09,0,0,0,1.004e+10,1.745e+09,5.416e+08,0,0,0,7.411e+10,1.397e+09,2.255e+09,0,0,0,3.298e+10,1.253e+09,3.254e+09,0,0,0,6.515e+09,3.695e+08,1.215e+09,0,0,0,6333279,19186.878,3
nl93,1.388e+11,1.334e+11,5.364e+09,8.337e+09,0,0,0,1.179e+10,2.010e+09,6.349e+08,0,0,0,8.431e+10,1.908e+09,2.763e+09,0,0,0,3.734e+10,1.447e+09,4.939e+09,0,0,0,6.836e+09,7.051e+08,2.348e+09,0,0,0,6527265.5,21264.401,4
nl99,1.515e+11,1.476e+11,3.856e+09,8.597e+09,0,2.966e+09,8.899e+08,7.333e+09,1.390e+09,5.466e+08,0,1.195e+09,1.949e+08,9.578e+10,1.189e+09,3.911e+09,0,9.099e+08,2.788e+08,4.451e+10,1.277e+09,4.140e+09,0,8.610e+08,4.162e+08,8.509e+09,4.918e+08,2.220e+09,0,3.401e+08,1.517e+08,6725642,25812.679,5
pl04,2.096e+11,2.085e+11,1.122e+09,4.226e+10,0,1.235e+08,9.988e+08,9.409e+09,1.360e+08,1.491e+08,0,11884056,1.241e+08,1.204e+11,4.518e+08,1.997e+10,0,26366504,4.254e+08,7.873e+10,5.345e+08,2.214e+10,0,85204768,4.493e+08,1.886e+10,2.540e+08,7.668e+09,0,75134400,1.789e+08,13336976,15719.11,6
pl07,2.847e+11,2.828e+11,1.907e+09,5.712e+10,0,6.476e+08,1.259e+09,2.115e+10,2.300e+08,9.678e+08,0,11166873,2.189e+08,1.620e+11,4.823e+08,2.485e+10,0,61575744,4.208e+08,9.964e+10,1.194e+09,3.130e+10,0,5.749e+08,6.193e+08,2.413e+10,6.649e+08,1.190e+10,0,4.096e+08,2.553e+08,13332283,21351.676,7
pl10,3.790e+11,3.770e+11,2.001e+09,6.946e+10,0,1.806e+08,1.820e+09,3.238e+10,3.115e+08,1.927e+09,0,12915092,2.986e+08,2.172e+11,7.631e+08,3.445e+10,0,89123992,6.740e+08,1.275e+11,9.262e+08,3.308e+10,0,78559608,8.476e+08,2.916e+10,3.535e+08,1.063e+10,0,56737156,2.968e+08,13332320,28429.241,8
pl13,4.132e+11,4.103e+11,2.829e+09,7.571e+10,0,5.521e+08,2.277e+09,3.116e+10,3.863e+08,-9.831e+08,0,43560820,3.427e+08,2.361e+11,1.050e+09,3.787e+10,0,1.344e+08,9.154e+08,1.431e+11,1.393e+09,3.882e+10,0,3.742e+08,1.019e+09,3.484e+10,6.782e+08,1.526e+10,0,2.944e+08,3.839e+08,13571696,30442.958,9
pl16,4.509e+11,4.484e+11,2.513e+09,7.520e+10,0,2.495e+08,2.263e+09,3.643e+10,3.868e+08,-1.134e+09,0,41139328,3.456e+08,2.629e+11,8.958e+08,3.912e+10,0,89918680,8.059e+08,1.491e+11,1.230e+09,3.722e+10,0,1.185e+08,1.112e+09,3.250e+10,3.227e+08,1.272e+10,0,19632012,3.031e+08,13571725,33224.916,10
pl86,4.800e+08,4.800e+08,0,1.353e+08,0,0,0,87577944,0,24293080,0,0,0,2.717e+08,0,57883548,0,0,0,1.208e+08,0,53098264,0,0,0,24170656,0,17971370,0,0,0,11674236,41.117967,2
pl92,4.937e+10,4.878e+10,5.843e+08,4.605e+09,0,0,0,8.544e+09,1.034e+08,6.957e+08,0,0,0,2.727e+10,1.664e+08,2.007e+09,0,0,0,1.297e+10,3.145e+08,1.902e+09,0,0,0,2.600e+09,1.626e+08,7.047e+08,0,0,0,12202986,4045.4356,3
pl95,7.204e+10,7.170e+10,3.422e+08,1.551e+10,0,0,0,1.006e+09,57577796,-3.257e+09,0,0,0,4.272e+10,1.355e+08,7.527e+09,0,0,0,2.797e+10,1.492e+08,1.124e+10,0,0,0,7.476e+09,79598312,4.624e+09,0,0,0,12624367,5706.4054,4
pl99,1.836e+11,1.830e+11,6.586e+08,3.808e+10,0,2.008e+08,4.577e+08,1.683e+10,1.548e+08,2.335e+09,0,35681152,1.192e+08,1.062e+11,2.357e+08,1.920e+10,0,75449704,1.602e+08,5.998e+10,2.681e+08,1.655e+10,0,89717480,1.784e+08,1.399e+10,68296360,5.592e+09,0,20047606,48248756,12491808,14701.003,5
se00,9.575e+11,9.097e+11,4.776e+10,2.990e+10,0,4.667e+10,1.093e+09,7.412e+10,1.044e+10,2.523e+09,0,1.014e+10,3.018e+08,5.421e+11,1.253e+10,1.865e+10,0,1.208e+10,4.443e+08,2.935e+11,2.480e+10,8.723e+09,0,2.445e+10,3.474e+08,6.233e+10,1.681e+10,2.462e+09,0,1.678e+10,32275990,4327272.5,221259.65,5
se05,1.128e+12,1.085e+12,4.374e+10,3.672e+10,0,4.225e+10,1.495e+09,9.623e+10,1.023e+10,5.652e+09,0,9.849e+09,3.805e+08,6.453e+11,1.180e+10,2.089e+10,0,1.114e+10,6.641e+08,3.432e+11,2.171e+10,1.017e+10,0,2.126e+10,4.505e+08,7.165e+10,1.313e+10,2.162e+09,0,1.307e+10,57327036,4440934,254098.01,6
se67,6.755e+10,6.631e+10,1.246e+09,0,0,0,0,8.481e+09,4.278e+08,0,0,0,0,3.846e+10,4.217e+08,0,0,0,0,1.936e+10,3.962e+08,0,0,0,0,4.220e+09,1.501e+08,0,0,0,0,3606684,18729.476,0
se75,1.647e+11,1.587e+11,6.014e+09,9.883e+09,0,0,0,2.172e+10,2.619e+09,2.100e+09,0,0,0,9.362e+10,2.085e+09,5.010e+09,0,0,0,4.337e+10,1.309e+09,2.772e+09,0,0,0,8.223e+09,4.020e+08,9.870e+08,0,0,0,4167178.8,39527.992,0
se81,2.822e+11,2.715e+11,1.073e+10,1.460e+10,2.913e+10,0,0,3.094e+10,6.524e+09,2.873e+09,8.486e+09,0,0,1.645e+11,3.176e+09,8.573e+09,1.316e+10,0,0,7.603e+10,1.034e+09,3.159e+09,7.486e+09,0,0,1.368e+10,2.355e+08,1.042e+09,1.375e+09,0,0,4364166.5,64673.417,1
se87,4.636e+11,4.367e+11,2.691e+10,1.738e+10,0,0,0,4.379e+10,1.171e+10,1.458e+09,0,0,0,2.656e+11,8.045e+09,1.114e+10,0,0,0,1.273e+11,7.147e+09,4.781e+09,0,0,0,2.214e+10,4.305e+09,1.523e+09,0,0,0,4483264,103415.75,2
se92,6.956e+11,6.473e+11,4.822e+10,1.382e+10,0,0,0,4.894e+10,1.845e+10,-8.638e+08,0,0,0,3.989e+11,1.669e+10,1.023e+10,0,0,0,1.995e+11,1.308e+10,4.451e+09,0,0,0,3.493e+10,4.198e+09,1.025e+09,0,0,0,4665882.5,149074.06,3
se95,7.157e+11,6.756e+11,4.010e+10,1.669e+10,0,0,0,4.007e+10,1.397e+10,2.074e+08,0,0,0,4.177e+11,1.292e+10,1.240e+10,0,0,0,2.178e+11,1.321e+10,4.079e+09,0,0,0,4.005e+10,6.526e+09,9.874e+08,0,0,0,4677280.5,153015.13,4
sk04,1.317e+10,1.314e+10,33303408,7.295e+08,0,11406518,21896890,1.219e+09,7061897.5,30968432,0,2483107,4578790.5,7.746e+09,13481192,2.881e+08,0,5777670,7703522.5,4.172e+09,12760318,4.104e+08,0,3145741.3,9614576,1.004e+09,6061808,2.147e+08,0,1289314.8,4772493.5,1858476.3,7086.8298,6
sk07,1.865e+10,1.859e+10,61330596,1.944e+09,2.197e+09,18445400,42885196,2.199e+09,19264026,1.611e+08,1.022e+09,6923153.5,12340873,1.098e+10,23502566,9.460e+08,9.146e+08,7500656,16001910,5.413e+09,18564004,8.368e+08,2.594e+08,4021590.3,14542414,1.031e+09,9619184,2.827e+08,34731864,1588497.1,8030686.5,1891896.6,9859.4654,7
sk10,2.097e+10,2.090e+10,70991992,2.244e+09,2.939e+09,23931744,47060252,2.494e+09,22376752,2.780e+08,1.368e+09,7828309,14548442,1.224e+10,38370648,1.112e+09,1.214e+09,12628740,25741908,6.165e+09,10244596,8.544e+08,3.571e+08,3474694.5,6769901.5,1.242e+09,625219.56,2.359e+08,42316100,399848.91,225370.64,1911664,10972.78,8
sk13,2.281e+10,2.275e+10,52604108,3.065e+09,2.642e+09,23107414,29496692,2.848e+09,20687362,4.224e+08,1.219e+09,7919355.5,12768006,1.317e+10,21677736,1.739e+09,1.098e+09,12020743,9656992,6.739e+09,10239009,9.038e+08,3.251e+08,3167315.3,7071693.5,1.442e+09,1141973.1,2.116e+08,42927404,845653.56,296319.56,1851669.3,12316.988,9
sk92,3.539e+09,3.533e+09,6355633.5,2.650e+08,0,0,0,5.048e+08,1175871.8,14297490,0,0,0,2.087e+09,2605435.8,1.022e+08,0,0,0,9.409e+08,2574326,1.485e+08,0,0,0,1.826e+08,1511411.9,70359352,0,0,0,1784046.5,1983.8164,3
sk96,5.366e+09,5.348e+09,17627004,3.554e+08,0,0,0,7.047e+08,3921079.5,32616244,0,0,0,3.140e+09,6903007.5,1.745e+08,0,0,0,1.504e+09,6802917.5,1.483e+08,0,0,0,2.910e+08,2890811.8,58068992,0,0,0,1841664.8,2913.7009,4
uk04,5.953e+11,5.739e+11,2.154e+10,6.814e+10,0,1.717e+10,3.845e+09,3.369e+10,7.099e+09,4.583e+09,0,6.332e+09,6.847e+08,3.312e+11,7.427e+09,2.989e+10,0,5.749e+09,1.563e+09,2.090e+11,7.010e+09,3.366e+10,0,5.094e+09,1.598e+09,5.471e+10,2.655e+09,1.508e+10,0,2.053e+09,5.431e+08,25267068,23815.11,6
uk07,6.888e+11,6.594e+11,2.948e+10,7.496e+10,0,2.433e+10,4.215e+09,4.261e+10,8.611e+09,5.120e+09,0,7.915e+09,6.368e+08,3.828e+11,1.050e+10,3.452e+10,0,8.422e+09,1.866e+09,2.340e+11,1.037e+10,3.532e+10,0,7.991e+09,1.712e+09,5.424e+10,4.039e+09,1.466e+10,0,3.056e+09,6.668e+08,26061254,26431.701,7
uk10,7.132e+11,6.900e+11,2.320e+10,7.604e+10,0,1.728e+10,5.291e+09,3.641e+10,6.255e+09,5.261e+09,0,5.345e+09,8.579e+08,3.955e+11,7.831e+09,3.456e+10,0,5.163e+09,2.412e+09,2.580e+11,9.116e+09,3.622e+10,0,6.769e+09,2.022e+09,6.349e+10,2.335e+09,1.739e+10,0,1.571e+09,7.119e+08,26653212,26757.03,8
uk13,7.766e+11,7.504e+11,2.624e+10,7.913e+10,0,1.757e+10,7.925e+09,4.374e+10,7.259e+09,6.848e+09,0,5.795e+09,1.428e+09,4.324e+11,1.020e+10,3.949e+10,0,6.156e+09,3.583e+09,2.743e+11,8.785e+09,3.278e+10,0,5.617e+09,2.914e+09,6.562e+10,1.500e+09,9.549e+09,0,9.744e+08,4.477e+08,27057704,28702.463,9
uk69,2.139e+10,2.040e+10,9.931e+08,1.799e+09,0,0,0,4.266e+09,2.680e+08,3.655e+08,0,0,0,1.130e+10,2.221e+08,7.091e+08,0,0,0,4.831e+09,5.031e+08,7.247e+08,0,0,0,9.253e+08,2.917e+08,2.441e+08,0,0,0,15693339,1363.231,0
uk74,4.792e+10,4.604e+10,1.878e+09,4.353e+09,0,0,0,8.386e+09,6.550e+08,9.989e+08,0,0,0,2.619e+10,5.941e+08,1.586e+09,0,0,0,1.147e+10,6.288e+08,1.768e+09,0,0,0,2.357e+09,2.704e+08,8.175e+08,0,0,0,19838710,2415.4706,0
uk79,1.025e+11,9.896e+10,3.513e+09,6.119e+09,0,0,0,1.372e+10,1.438e+09,1.380e+09,0,0,0,5.906e+10,1.195e+09,2.964e+09,0,0,0,2.618e+10,8.803e+08,1.775e+09,0,0,0,4.452e+09,3.119e+08,6.232e+08,0,0,0,20806878,4924.7632,1
uk86,1.861e+11,1.752e+11,1.094e+10,1.630e+10,1.453e+10,0,0,1.104e+10,3.978e+09,1.649e+09,4.887e+09,0,0,1.088e+11,3.975e+09,8.398e+09,6.915e+09,0,0,5.532e+10,2.983e+09,6.250e+09,2.729e+09,0,0,9.852e+09,1.183e+09,1.675e+09,4.016e+08,0,0,22223574,8374.0039,2
uk91,3.293e+11,3.006e+11,2.871e+10,3.244e+10,2.973e+10,0,0,2.229e+10,8.243e+09,3.426e+09,1.039e+10,0,0,1.814e+11,1.074e+10,1.529e+10,1.417e+10,0,0,9.690e+10,9.725e+09,1.372e+10,5.170e+09,0,0,2.072e+10,4.855e+09,6.789e+09,8.005e+08,0,0,23370396,14092.468,3
uk94,3.458e+11,3.294e+11,1.647e+10,4.327e+10,0,0,0,1.677e+10,5.226e+09,2.714e+09,0,0,0,1.961e+11,6.239e+09,1.958e+10,0,0,0,1.165e+11,5.001e+09,2.098e+10,0,0,0,2.794e+10,1.747e+09,9.620e+09,0,0,0,23141000,14944.673,4
uk95,3.426e+11,3.215e+11,2.117e+10,5.504e+10,0,0,0,1.545e+10,7.037e+09,1.913e+09,0,0,0,1.959e+11,7.784e+09,2.366e+10,0,0,0,1.102e+11,6.347e+09,2.947e+10,0,0,0,2.350e+10,2.286e+09,1.189e+10,0,0,0,22493722,15233.